Year,Region,Nutzung,Value
2015,Enzkreis,Siedlungs- und Verkehrsfläche,9267
2016,Enzkreis,Siedlungs- und Verkehrsfläche,9292
2017,Enzkreis,Siedlungs- und Verkehrsfläche,9336
2018,Enzkreis,Siedlungs- und Verkehrsfläche,9378
2019,Enzkreis,Siedlungs- und Verkehrsfläche,9417
2020,Enzkreis,Siedlungs- und Verkehrsfläche,9437
2021,Enzkreis,Siedlungs- und Verkehrsfläche,9470
2015,Enzkreis,Landwirtschaft,25309
2016,Enzkreis,Landwirtschaft,25284
2017,Enzkreis,Landwirtschaft,25231
2018,Enzkreis,Landwirtschaft,25196
2019,Enzkreis,Landwirtschaft,25131
2020,Enzkreis,Landwirtschaft,25119
2021,Enzkreis,Landwirtschaft,25086
2015,Enzkreis,Gewässer,327
2016,Enzkreis,Gewässer,327
2017,Enzkreis,Gewässer,328
2018,Enzkreis,Gewässer,328
2019,Enzkreis,Gewässer,338
2020,Enzkreis,Gewässer,339
2021,Enzkreis,Gewässer,340
2015,Enzkreis,"Berg-/Tagebau, Grube, Steinbruch",86
2016,Enzkreis,"Berg-/Tagebau, Grube, Steinbruch",86
2017,Enzkreis,"Berg-/Tagebau, Grube, Steinbruch",86
2018,Enzkreis,"Berg-/Tagebau, Grube, Steinbruch",86
2019,Enzkreis,"Berg-/Tagebau, Grube, Steinbruch",85
2020,Enzkreis,"Berg-/Tagebau, Grube, Steinbruch",92
2021,Enzkreis,"Berg-/Tagebau, Grube, Steinbruch",90
2015,Enzkreis,Wald,21827
2016,Enzkreis,Wald,21818
2017,Enzkreis,Wald,21826
2018,Enzkreis,Wald,21820
2019,Enzkreis,Wald,21833
2020,Enzkreis,Wald,21817
2021,Enzkreis,Wald,21818
