Year,Region,gruppe.beschaeftigt,Value
2008.0,Enzkreis,Unzerschnittene Freiraumflächen [>50 km2],0.8
2012.0,Enzkreis,Unzerschnittene Freiraumflächen [>50 km2],0.8
2016.0,Enzkreis,Unzerschnittene Freiraumflächen [>50 km2],0.8
2020.0,Enzkreis,Unzerschnittene Freiraumflächen [>50 km2],0.8
2008.0,Land BW,Unzerschnittene Freiraumflächen [>50 km2],11.3
2012.0,Land BW,Unzerschnittene Freiraumflächen [>50 km2],11.3
2016.0,Land BW,Unzerschnittene Freiraumflächen [>50 km2],11.2
2020.0,Land BW,Unzerschnittene Freiraumflächen [>50 km2],11.0
,,,
