Year,Region,Emittenten,Value
1995,Enzkreis,"Abriebemissionen (Reifen, Bremsen)",27
2000,Enzkreis,"Abriebemissionen (Reifen, Bremsen)",29
2005,Enzkreis,"Abriebemissionen (Reifen, Bremsen)",31
2010,Enzkreis,"Abriebemissionen (Reifen, Bremsen)",30
2015,Enzkreis,"Abriebemissionen (Reifen, Bremsen)",33
2019,Enzkreis,"Abriebemissionen (Reifen, Bremsen)",35
2020,Enzkreis,"Abriebemissionen (Reifen, Bremsen)",31
1995,Enzkreis,Otto Pkw,7
2000,Enzkreis,Otto Pkw,8
2005,Enzkreis,Otto Pkw,5
2010,Enzkreis,Otto Pkw,3
2015,Enzkreis,Otto Pkw,2
2019,Enzkreis,Otto Pkw,2
2020,Enzkreis,Otto Pkw,1
1995,Enzkreis,Schwere Nutzfahrzeuge,55
2000,Enzkreis,Schwere Nutzfahrzeuge,30
2005,Enzkreis,Schwere Nutzfahrzeuge,24
2010,Enzkreis,Schwere Nutzfahrzeuge,9
2015,Enzkreis,Schwere Nutzfahrzeuge,5
2019,Enzkreis,Schwere Nutzfahrzeuge,3
2020,Enzkreis,Schwere Nutzfahrzeuge,3
1995,Enzkreis,Krafträder,3
2000,Enzkreis,Krafträder,3
2005,Enzkreis,Krafträder,3
2010,Enzkreis,Krafträder,2
2015,Enzkreis,Krafträder,2
2019,Enzkreis,Krafträder,2
2020,Enzkreis,Krafträder,1
1995,Enzkreis,Diesel Pkw,45
2000,Enzkreis,Diesel Pkw,38
2005,Enzkreis,Diesel Pkw,33
2010,Enzkreis,Diesel Pkw,18
2015,Enzkreis,Diesel Pkw,10
2019,Enzkreis,Diesel Pkw,5
2020,Enzkreis,Diesel Pkw,4
1995,Enzkreis,Leichte Nutzfahrzeuge,0
2000,Enzkreis,Leichte Nutzfahrzeuge,0
2005,Enzkreis,Leichte Nutzfahrzeuge,0
2010,Enzkreis,Leichte Nutzfahrzeuge,0
2015,Enzkreis,Leichte Nutzfahrzeuge,0
2019,Enzkreis,Leichte Nutzfahrzeuge,0
2020,Enzkreis,Leichte Nutzfahrzeuge,0
1995,Enzkreis,Busse,8
2000,Enzkreis,Busse,5
2005,Enzkreis,Busse,3
2010,Enzkreis,Busse,1
2015,Enzkreis,Busse,1
2019,Enzkreis,Busse,1
2020,Enzkreis,Busse,0
