Year,Region,Category,Value
2010,Enzkreis,Kinderarmut,4.7
2011,Enzkreis,Kinderarmut,4.2
2012,Enzkreis,Kinderarmut,4.3
2013,Enzkreis,Kinderarmut,4.3
2014,Enzkreis,Kinderarmut,4.6
2015,Enzkreis,Kinderarmut,5.0
2016,Enzkreis,Kinderarmut,5.3
2017,Enzkreis,Kinderarmut,5.2
2018,Enzkreis,Kinderarmut,6.4
2019,Enzkreis,Kinderarmut,5.4
2020,Enzkreis,Kinderarmut,5.3
2010,Land BW,Kinderarmut,8.6
2011,Land BW,Kinderarmut,8.0
2012,Land BW,Kinderarmut,8.1
2013,Land BW,Kinderarmut,8.2
2014,Land BW,Kinderarmut,8.4
2015,Land BW,Kinderarmut,8.4
2016,Land BW,Kinderarmut,8.4
2017,Land BW,Kinderarmut,8.7
2018,Land BW,Kinderarmut,8.9
2019,Land BW,Kinderarmut,7.9
2020,Land BW,Kinderarmut,7.8
