Year,Unit,Region,Abfallart,Value
2010.0,Kommunales Abfallaufkommen (gesamt),Enzkreis,Abfallaufkommen [kg/EW],588.0
2011.0,Kommunales Abfallaufkommen (gesamt),Enzkreis,Abfallaufkommen [kg/EW],592.0
2012.0,Kommunales Abfallaufkommen (gesamt),Enzkreis,Abfallaufkommen [kg/EW],603.0
2013.0,Kommunales Abfallaufkommen (gesamt),Enzkreis,Abfallaufkommen [kg/EW],587.0
2014.0,Kommunales Abfallaufkommen (gesamt),Enzkreis,Abfallaufkommen [kg/EW],591.0
2015.0,Kommunales Abfallaufkommen (gesamt),Enzkreis,Abfallaufkommen [kg/EW],590.0
2016.0,Kommunales Abfallaufkommen (gesamt),Enzkreis,Abfallaufkommen [kg/EW],645.0
2017.0,Kommunales Abfallaufkommen (gesamt),Enzkreis,Abfallaufkommen [kg/EW],634.0
2018.0,Kommunales Abfallaufkommen (gesamt),Enzkreis,Abfallaufkommen [kg/EW],659.0
2019.0,Kommunales Abfallaufkommen (gesamt),Enzkreis,Abfallaufkommen [kg/EW],610.0
2020.0,Kommunales Abfallaufkommen (gesamt),Enzkreis,Abfallaufkommen [kg/EW],616.0
2021.0,Kommunales Abfallaufkommen (gesamt),Enzkreis,Abfallaufkommen [kg/EW],601.0
2010.0,Kommunales Abfallaufkommen (gesamt),Land BW,Abfallaufkommen [kg/EW],475.0
2011.0,Kommunales Abfallaufkommen (gesamt),Land BW,Abfallaufkommen [kg/EW],497.0
2012.0,Kommunales Abfallaufkommen (gesamt),Land BW,Abfallaufkommen [kg/EW],492.0
2013.0,Kommunales Abfallaufkommen (gesamt),Land BW,Abfallaufkommen [kg/EW],486.0
2014.0,Kommunales Abfallaufkommen (gesamt),Land BW,Abfallaufkommen [kg/EW],501.0
2015.0,Kommunales Abfallaufkommen (gesamt),Land BW,Abfallaufkommen [kg/EW],492.0
2016.0,Kommunales Abfallaufkommen (gesamt),Land BW,Abfallaufkommen [kg/EW],494.0
2017.0,Kommunales Abfallaufkommen (gesamt),Land BW,Abfallaufkommen [kg/EW],490.0
2018.0,Kommunales Abfallaufkommen (gesamt),Land BW,Abfallaufkommen [kg/EW],485.0
2019.0,Kommunales Abfallaufkommen (gesamt),Land BW,Abfallaufkommen [kg/EW],487.0
2020.0,Kommunales Abfallaufkommen (gesamt),Land BW,Abfallaufkommen [kg/EW],495.0
2021.0,Kommunales Abfallaufkommen (gesamt),Land BW,Abfallaufkommen [kg/EW],496.0
2010.0,Aufkommen je Abfallstrom [kg/EW],,Haus- und Sperrmüll,
2011.0,Aufkommen je Abfallstrom [kg/EW],,Haus- und Sperrmüll ,
2012.0,Aufkommen je Abfallstrom [kg/EW],,Haus- und Sperrmüll ,
2013.0,Aufkommen je Abfallstrom [kg/EW],,Haus- und Sperrmüll ,
2014.0,Aufkommen je Abfallstrom [kg/EW],,Haus- und Sperrmüll ,
2015.0,Aufkommen je Abfallstrom [kg/EW],,Haus- und Sperrmüll ,
2016.0,Aufkommen je Abfallstrom [kg/EW],,Haus- und Sperrmüll ,
2017.0,Aufkommen je Abfallstrom [kg/EW],,Haus- und Sperrmüll ,
2018.0,Aufkommen je Abfallstrom [kg/EW],,Haus- und Sperrmüll ,
2019.0,Aufkommen je Abfallstrom [kg/EW],,Haus- und Sperrmüll ,
2020.0,Aufkommen je Abfallstrom [kg/EW],,Haus- und Sperrmüll ,
2021.0,Aufkommen je Abfallstrom [kg/EW],,Haus- und Sperrmüll ,
2010.0,Aufkommen je Abfallstrom [kg/EW],,Wertstoffe,
2011.0,Aufkommen je Abfallstrom [kg/EW],,Wertstoffe,
2012.0,Aufkommen je Abfallstrom [kg/EW],,Wertstoffe,
2013.0,Aufkommen je Abfallstrom [kg/EW],,Wertstoffe,
2014.0,Aufkommen je Abfallstrom [kg/EW],,Wertstoffe,
2015.0,Aufkommen je Abfallstrom [kg/EW],,Wertstoffe,
2016.0,Aufkommen je Abfallstrom [kg/EW],,Wertstoffe,
2017.0,Aufkommen je Abfallstrom [kg/EW],,Wertstoffe,
2018.0,Aufkommen je Abfallstrom [kg/EW],,Wertstoffe,
2019.0,Aufkommen je Abfallstrom [kg/EW],,Wertstoffe,
2020.0,Aufkommen je Abfallstrom [kg/EW],,Wertstoffe,
2021.0,Aufkommen je Abfallstrom [kg/EW],,Wertstoffe,
2010.0,Aufkommen je Abfallstrom [kg/EW],,Abfälle aus der Biotonne und Grünabfälle,
2011.0,Aufkommen je Abfallstrom [kg/EW],,Abfälle aus der Biotonne und Grünabfälle ,
2012.0,Aufkommen je Abfallstrom [kg/EW],,Abfälle aus der Biotonne und Grünabfälle ,
2013.0,Aufkommen je Abfallstrom [kg/EW],,Abfälle aus der Biotonne und Grünabfälle ,
2014.0,Aufkommen je Abfallstrom [kg/EW],,Abfälle aus der Biotonne und Grünabfälle ,
2015.0,Aufkommen je Abfallstrom [kg/EW],,Abfälle aus der Biotonne und Grünabfälle ,
2016.0,Aufkommen je Abfallstrom [kg/EW],,Abfälle aus der Biotonne und Grünabfälle ,
2017.0,Aufkommen je Abfallstrom [kg/EW],,Abfälle aus der Biotonne und Grünabfälle ,
2018.0,Aufkommen je Abfallstrom [kg/EW],,Abfälle aus der Biotonne und Grünabfälle ,
2019.0,Aufkommen je Abfallstrom [kg/EW],,Abfälle aus der Biotonne und Grünabfälle ,
2020.0,Aufkommen je Abfallstrom [kg/EW],,Abfälle aus der Biotonne und Grünabfälle ,
2021.0,Aufkommen je Abfallstrom [kg/EW],,Abfälle aus der Biotonne und Grünabfälle ,
2010.0,Aufkommen je Abfallstrom [kg/EW],,"Gewerbe-, Baustellenabfälle",
2011.0,Aufkommen je Abfallstrom [kg/EW],,"Gewerbe-, Baustellenabfälle",
2012.0,Aufkommen je Abfallstrom [kg/EW],,"Gewerbe-, Baustellenabfälle",
2013.0,Aufkommen je Abfallstrom [kg/EW],,"Gewerbe-, Baustellenabfälle",
2014.0,Aufkommen je Abfallstrom [kg/EW],,"Gewerbe-, Baustellenabfälle",
2015.0,Aufkommen je Abfallstrom [kg/EW],,"Gewerbe-, Baustellenabfälle",
2016.0,Aufkommen je Abfallstrom [kg/EW],,"Gewerbe-, Baustellenabfälle",
2017.0,Aufkommen je Abfallstrom [kg/EW],,"Gewerbe-, Baustellenabfälle",
2018.0,Aufkommen je Abfallstrom [kg/EW],,"Gewerbe-, Baustellenabfälle",
2019.0,Aufkommen je Abfallstrom [kg/EW],,"Gewerbe-, Baustellenabfälle",
2020.0,Aufkommen je Abfallstrom [kg/EW],,"Gewerbe-, Baustellenabfälle",
2021.0,Aufkommen je Abfallstrom [kg/EW],,"Gewerbe-, Baustellenabfälle",
2010.0,Aufkommen je Abfallstrom [kg/EW],,Elektro-/Elektronikaltgeräte,
2011.0,Aufkommen je Abfallstrom [kg/EW],,Elektro-/Elektronikaltgeräte,
2012.0,Aufkommen je Abfallstrom [kg/EW],,Elektro-/Elektronikaltgeräte,
2013.0,Aufkommen je Abfallstrom [kg/EW],,Elektro-/Elektronikaltgeräte,
2014.0,Aufkommen je Abfallstrom [kg/EW],,Elektro-/Elektronikaltgeräte,
2015.0,Aufkommen je Abfallstrom [kg/EW],,Elektro-/Elektronikaltgeräte,
2016.0,Aufkommen je Abfallstrom [kg/EW],,Elektro-/Elektronikaltgeräte,
2017.0,Aufkommen je Abfallstrom [kg/EW],,Elektro-/Elektronikaltgeräte,
2018.0,Aufkommen je Abfallstrom [kg/EW],,Elektro-/Elektronikaltgeräte,
2019.0,Aufkommen je Abfallstrom [kg/EW],,Elektro-/Elektronikaltgeräte,
2020.0,Aufkommen je Abfallstrom [kg/EW],,Elektro-/Elektronikaltgeräte,
2021.0,Aufkommen je Abfallstrom [kg/EW],,Elektro-/Elektronikaltgeräte,
2010.0,Aufkommen je Abfallstrom [kg/EW],,Sonstige Abfälle,
2011.0,Aufkommen je Abfallstrom [kg/EW],,Sonstige Abfälle ,
2012.0,Aufkommen je Abfallstrom [kg/EW],,Sonstige Abfälle ,
2013.0,Aufkommen je Abfallstrom [kg/EW],,Sonstige Abfälle ,
2014.0,Aufkommen je Abfallstrom [kg/EW],,Sonstige Abfälle ,
2015.0,Aufkommen je Abfallstrom [kg/EW],,Sonstige Abfälle ,
2016.0,Aufkommen je Abfallstrom [kg/EW],,Sonstige Abfälle ,
2017.0,Aufkommen je Abfallstrom [kg/EW],,Sonstige Abfälle ,
2018.0,Aufkommen je Abfallstrom [kg/EW],,Sonstige Abfälle ,
2019.0,Aufkommen je Abfallstrom [kg/EW],,Sonstige Abfälle ,
2020.0,Aufkommen je Abfallstrom [kg/EW],,Sonstige Abfälle ,
2021.0,Aufkommen je Abfallstrom [kg/EW],,Sonstige Abfälle ,
,,,,
