Year,Units,Region,gruppe.betreuung,Value
2013,Betreuungsumfang - Anteil in %,Enzkreis,bis 25 h in Betreuung,19.7
2014,Betreuungsumfang - Anteil in %,Enzkreis,bis 25 h in Betreuung,17.8
2015,Betreuungsumfang - Anteil in %,Enzkreis,bis 25 h in Betreuung,16.0
2016,Betreuungsumfang - Anteil in %,Enzkreis,bis 25 h in Betreuung,13.4
2017,Betreuungsumfang - Anteil in %,Enzkreis,bis 25 h in Betreuung,13.5
2018,Betreuungsumfang - Anteil in %,Enzkreis,bis 25 h in Betreuung,12.5
2019,Betreuungsumfang - Anteil in %,Enzkreis,bis 25 h in Betreuung,11.3
2020,Betreuungsumfang - Anteil in %,Enzkreis,bis 25 h in Betreuung,11.6
2013,Betreuungsumfang - Anteil in %,Enzkreis,25 bis 35 h in Betreuung,64.9
2014,Betreuungsumfang - Anteil in %,Enzkreis,25 bis 35 h in Betreuung,68.0
2015,Betreuungsumfang - Anteil in %,Enzkreis,25 bis 35 h in Betreuung,69.7
2016,Betreuungsumfang - Anteil in %,Enzkreis,25 bis 35 h in Betreuung,70.5
2017,Betreuungsumfang - Anteil in %,Enzkreis,25 bis 35 h in Betreuung,71.0
2018,Betreuungsumfang - Anteil in %,Enzkreis,25 bis 35 h in Betreuung,70.6
2019,Betreuungsumfang - Anteil in %,Enzkreis,25 bis 35 h in Betreuung,71.1
2020,Betreuungsumfang - Anteil in %,Enzkreis,25 bis 35 h in Betreuung,74.0
2013,Betreuungsumfang - Anteil in %,Enzkreis,mehr als 35 h Betreuung,15.4
2014,Betreuungsumfang - Anteil in %,Enzkreis,mehr als 35 h Betreuung,14.2
2015,Betreuungsumfang - Anteil in %,Enzkreis,mehr als 35 h Betreuung,14.3
2016,Betreuungsumfang - Anteil in %,Enzkreis,mehr als 35 h Betreuung,16.1
2017,Betreuungsumfang - Anteil in %,Enzkreis,mehr als 35 h Betreuung,15.5
2018,Betreuungsumfang - Anteil in %,Enzkreis,mehr als 35 h Betreuung,16.9
2019,Betreuungsumfang - Anteil in %,Enzkreis,mehr als 35 h Betreuung,17.6
2020,Betreuungsumfang - Anteil in %,Enzkreis,mehr als 35 h Betreuung,14.4
2013,Betreuungsquote in %,Enzkreis,,26.26
2014,Betreuungsquote in %,Enzkreis,,26.06
2015,Betreuungsquote in %,Enzkreis,,24.46
2016,Betreuungsquote in %,Enzkreis,,23.62
2017,Betreuungsquote in %,Enzkreis,,25.09
2018,Betreuungsquote in %,Enzkreis,,26.19
2019,Betreuungsquote in %,Enzkreis,,26.95
2020,Betreuungsquote in %,Enzkreis,,26.95
