Year,Region,gruppe.beschaeftigt,Value
2022,Enzkreis,Wasserkraftanlagen - Anforderungen erfüllt,0
2022,Enzkreis,Wasserkraftanlagen - Anforderungen noch nicht erfüllt,0
2022,Enzkreis,Umsetzungsgrad,0
2010,Enzkreis,Beschäftigungsquote,0
2011,Enzkreis,Beschäftigungsquote,0
2012,Enzkreis,Beschäftigungsquote,0
2013,Enzkreis,Beschäftigungsquote,0
2014,Enzkreis,Beschäftigungsquote,0
2015,Enzkreis,Beschäftigungsquote,0
2016,Enzkreis,Beschäftigungsquote,0
2017,Enzkreis,Beschäftigungsquote,0
2018,Enzkreis,Beschäftigungsquote,0
2019,Enzkreis,Beschäftigungsquote,0
2020,Enzkreis,Beschäftigungsquote,0
2021,Enzkreis,Beschäftigungsquote,0
2007,Enzkreis,Beschäftigungsquote 55 - 64-Jährige,0
2008,Enzkreis,Beschäftigungsquote 55 - 64-Jährige,0
2009,Enzkreis,Beschäftigungsquote 55 - 64-Jährige,0
2010,Enzkreis,Beschäftigungsquote 55 - 64-Jährige,0
2011,Enzkreis,Beschäftigungsquote 55 - 64-Jährige,0
2012,Enzkreis,Beschäftigungsquote 55 - 64-Jährige,0
2013,Enzkreis,Beschäftigungsquote 55 - 64-Jährige,0
2014,Enzkreis,Beschäftigungsquote 55 - 64-Jährige,0
2015,Enzkreis,Beschäftigungsquote 55 - 64-Jährige,0
2016,Enzkreis,Beschäftigungsquote 55 - 64-Jährige,0
2017,Enzkreis,Beschäftigungsquote 55 - 64-Jährige,0
2018,Enzkreis,Beschäftigungsquote 55 - 64-Jährige,0
2019,Enzkreis,Beschäftigungsquote 55 - 64-Jährige,0
2020,Enzkreis,Beschäftigungsquote 55 - 64-Jährige,0
2021,Enzkreis,Beschäftigungsquote 55 - 64-Jährige,0
2007,Land BW,Beschäftigungsquote,0
2008,Land BW,Beschäftigungsquote,0
2009,Land BW,Beschäftigungsquote,0
2010,Land BW,Beschäftigungsquote,0
2011,Land BW,Beschäftigungsquote,0
2012,Land BW,Beschäftigungsquote,0
2013,Land BW,Beschäftigungsquote,0
2014,Land BW,Beschäftigungsquote,0
2015,Land BW,Beschäftigungsquote,0
2016,Land BW,Beschäftigungsquote,0
2017,Land BW,Beschäftigungsquote,0
2018,Land BW,Beschäftigungsquote,0
2019,Land BW,Beschäftigungsquote,0
2020,Land BW,Beschäftigungsquote,0
2021,Land BW,Beschäftigungsquote,0
2007,Land BW,Beschäftigungsquote 55 - 64-Jährige,0
2008,Land BW,Beschäftigungsquote 55 - 64-Jährige,0
2009,Land BW,Beschäftigungsquote 55 - 64-Jährige,0
2010,Land BW,Beschäftigungsquote 55 - 64-Jährige,0
2011,Land BW,Beschäftigungsquote 55 - 64-Jährige,0
2012,Land BW,Beschäftigungsquote 55 - 64-Jährige,0
2013,Land BW,Beschäftigungsquote 55 - 64-Jährige,0
2014,Land BW,Beschäftigungsquote 55 - 64-Jährige,0
2015,Land BW,Beschäftigungsquote 55 - 64-Jährige,0
2016,Land BW,Beschäftigungsquote 55 - 64-Jährige,0
2017,Land BW,Beschäftigungsquote 55 - 64-Jährige,0
2018,Land BW,Beschäftigungsquote 55 - 64-Jährige,0
2019,Land BW,Beschäftigungsquote 55 - 64-Jährige,0
2020,Land BW,Beschäftigungsquote 55 - 64-Jährige,0
2021,Land BW,Beschäftigungsquote 55 - 64-Jährige,0
